<?xml version="1.0" encoding="UTF-8"?>
<project-private xmlns="http://www.netbeans.org/ns/project-private/1">
    <editor-bookmarks xmlns="http://www.netbeans.org/ns/editor-bookmarks/2" lastBookmarkId="0"/>
    <open-files xmlns="http://www.netbeans.org/ns/projectui-open-files/2">
        <group>
            <file>file:/C:/Users/asael/OneDrive/Documentos/.quintoSemestre/gitclone/QuintoSemestre/.6Paradigmas/SJ_3P_LopezRamosAsaelEfrain/Taxonomia__LopezRamosAsaelEFrain/src/ModificarInsectos.java</file>
            <file>file:/C:/Users/asael/OneDrive/Documentos/.quintoSemestre/gitclone/QuintoSemestre/.6Paradigmas/SJ_3P_LopezRamosAsaelEfrain/Taxonomia__LopezRamosAsaelEFrain/src/ConexionBD.java</file>
            <file>file:/C:/Users/asael/OneDrive/Documentos/.quintoSemestre/gitclone/QuintoSemestre/.6Paradigmas/SJ_3P_LopezRamosAsaelEfrain/Taxonomia__LopezRamosAsaelEFrain/src/Reporte.java</file>
            <file>file:/C:/Users/asael/OneDrive/Documentos/.quintoSemestre/gitclone/QuintoSemestre/.6Paradigmas/SJ_3P_LopezRamosAsaelEfrain/Taxonomia__LopezRamosAsaelEFrain/src/InfoCurrentUser.java</file>
            <file>file:/C:/Users/asael/OneDrive/Documentos/.quintoSemestre/gitclone/QuintoSemestre/.6Paradigmas/SJ_3P_LopezRamosAsaelEfrain/Taxonomia__LopezRamosAsaelEFrain/src/ModificacionUsuarios.java</file>
            <file>file:/C:/Users/asael/OneDrive/Documentos/.quintoSemestre/gitclone/QuintoSemestre/.6Paradigmas/SJ_3P_LopezRamosAsaelEfrain/Taxonomia__LopezRamosAsaelEFrain/src/VisualizarImagenesEspecimen.java</file>
            <file>file:/C:/Users/asael/OneDrive/Documentos/.quintoSemestre/gitclone/QuintoSemestre/.6Paradigmas/SJ_3P_LopezRamosAsaelEfrain/Taxonomia__LopezRamosAsaelEFrain/src/Login.java</file>
            <file>file:/C:/Users/asael/OneDrive/Documentos/.quintoSemestre/gitclone/QuintoSemestre/.6Paradigmas/SJ_3P_LopezRamosAsaelEfrain/Taxonomia__LopezRamosAsaelEFrain/src/AgregarEspecimen.java</file>
            <file>file:/C:/Users/asael/OneDrive/Documentos/.quintoSemestre/gitclone/QuintoSemestre/.6Paradigmas/SJ_3P_LopezRamosAsaelEfrain/Taxonomia__LopezRamosAsaelEFrain/src/AgregarUsuario.java</file>
            <file>file:/C:/Users/asael/OneDrive/Documentos/.quintoSemestre/gitclone/QuintoSemestre/.6Paradigmas/SJ_3P_LopezRamosAsaelEfrain/Taxonomia__LopezRamosAsaelEFrain/src/splash.java</file>
            <file>file:/C:/Users/asael/OneDrive/Documentos/.quintoSemestre/gitclone/QuintoSemestre/.6Paradigmas/SJ_3P_LopezRamosAsaelEfrain/Taxonomia__LopezRamosAsaelEFrain/src/Menu.java</file>
        </group>
    </open-files>
</project-private>
